In a small bungalow off La Cienega, Clara serves homemade chili and chips in red plastic bowls, wine in blue plastic.
The colors don't match, and the cups are too big to serve wine.
You didn't get half the things on my list, she hisses at Gary as he passes.
Did you have to buy a $400 bottle of scotch?
Gary waves away her upset.
She can tell by the way he avoids her.
Clara looks at her face in the hallway mirror.
She's slowly getting white hairs in her eyebrows.
Grad students fill the low ceiling space, chewing big words and gesticulating emphatically.
Gary's face looks up from the photo his parents have framed in expensive mahogany.
To our doctor of philosophy, amazing art prodigy, to Gary Loewesen.
Clara's carefully picked happy graduation paper banners hang too low from the adobe doors.
Stephen Perdue watches his wife get ready for her violin lesson.
Married eight years, he still can't believe his good luck.
We don't want a repeat of last year.
There is an edge in Margaret's voice.
This girl better grow up.
You think I should talk to her, Maggie?
She doesn't talk to me, Margaret whispers.
So yes, I think you should do it.
I'll be home late tonight, she adds.
She wants Stephen to ask why, but he doesn't.
The graduation party keeps going.
Clara stares at her husband, once the most handsome man in the room.
His face is liquor flushed as he bends over a four-month-old baby boy, son of friends, his friends, not hers.
The baby starts crying, and everyone laughs.
Clara can see the back of Gary's neck, all red, embarrassed, but hiding it.
She knows this neck, has studied it each night for ten years.
And Clara is suddenly filled with a need to protect him.
She puts her hand on the small of his back, hoping he'd turn.
The baby's father steps up.
Clara, you're moving to New York, too?
Going where?
Tommy, the baby's father, looks at Clara's face and takes a step back.
Oh man, did I blow the surprise?
I just like to sleep deeply these days, that's all.
The ten white sleeping pills stare at him, an act of defiance.
I certainly don't need you guys freaking out.
Of course Sash is right, and now his gesture of closure feels stupid.
He puts his hand on her shoulder, but she wiggles away.
Have you told Margaret yet?
You haven't told my stepmother you lost all your money?
That your stocks have all tanked?
There's no need to disturb, Margaret.
What do you want for your birthday, he asks.
I want you to start telling the truth, says Sasha.
And her voice for the first time is breaking.
So in love with this baby, spitting up goo on her lap.
And then, the moment they found out I was pregnant, Tommy's parents swept in and erased all our debt, all $10,000 in one check, so we could start fresh and not stress.
I love them.
That's great, Jeannie, Clara musters.
You want to have kids?
asks Jeannie, still pudgy from the birth, so full of life and good cheer.
Can't afford it for one.
I don't really like modern art, installation art.
Tommy says it's an incredible opportunity for Gary, a chance to create his own site-specific piece downtown in New York.
You must be so proud of him, Clara.
She doesn't care anymore how much wine she'll serve, at least one bottle per person these days.
All the way down Columbus, okay?
She gives the instructions in a pleasant, stiff voice and pulls out her cell.
His turban blocks her view of the asphalt.
Whatever it is, tell your husband.
That's what gives people cancer.
Alexander's name vibrates on her phone.
You look like someone who should, says the cab driver, and is quiet the rest of the way.
She pays with a twenty as they pull by the fountain and hates herself because, as if to prove him right, she overtips.
No art residencies for us, Jeannie laughs and nods at the gurgling boy on her lap.
She thankfully chews like a chipmunk.
She's never losing the baby weight that way, Clara thinks.
Clara looks at the baby who's drooling over his hands and walks out of the room.
When did you find out about New York?
When did you even apply?
But Gary is giddy and thrilled and sees nothing wrong with their lives.
Baby, be proud, he laughs.
We'll work it out.
Margaret feels beautiful.
I quit my Wall Street job three months ago.
I'm taking violin lessons.
And Stephen took early retirement.
He did very well with investments.
She can hear the pride in her voice, and she stops.
Praising your private life to a lover, even a former lover, feels wrong.
I thought you wanted a kid.
She took a year off, did some great journalism in West Africa.
But after she came back...
He's not paying attention.
Margaret's phone vibrates in her purse.
She knows it's Stephen, and she doesn't look.
I don't want to go back to New York, Clara says quietly.
Gary has a meeting with his advisors to discuss the internship.
How long is this internship, Gary?
I can't afford to float this whole place by myself.
I'm sure you can be a journalist in New York, too.
But she just signed her contract here, and he knows it.
For a moment, he looks like a boy, getting caught and standing up in defiance, almost charming, but he's 35.
What's good for me, Clara, is also good for us.
That certainly used to be true.
Alexander pays for their hot dogs with crumpled up dollar bills he pulls out of his pocket.
New York is the best.
The last eight years have been good to him.
He still has a cat in his step.
My new apartment looks great, Maggie, he says.
I'll bet you'll want to move in.
Is this a come online?
She catches a glimpse of herself in a window and is suddenly aware she should have colored her hair.
New York is very glad you're back, she says.
His eyes land on hers as she waits for his words.
I need you to connect me with your former colleagues on Wall Street, he says.
We're working on a major piece on international corruption.
Margaret is so aware of her aging neck.
A little networking opportunity.
That's what this meeting is.
She wants to protect herself.
Alexander hands Margaret his card.
I'm looking for interns and she sounds like a catch.
We're postponing our lives, Gary.
What about getting a job?
Next to the Tupperware, she sees the envelope from American Express, Gary's business account.
Her eyes find his wallet right by the couch.
Is New York worth the fight?
Across town, Gary sits at his art studio, drawing photo prints, moldy coffee cups.
He knows it's in him, the it, the something, the drive.
He looks at his phone.
She can hear loud yelling from the back.
No one told him about the damn leak.
Margaret walks away from this mess and into the living room, pours herself a large glass of red wine.
Margaret turns, glass in hand.
How could you not notice a huge leak right over your head?
Sasha's voice is annoyingly calm.
I don't want to pick a fight with you, Margaret.
You want to get drunk?
You've got mustard stains all over your blouse.
We were trying to reach you.
When the phone rings, Clara's throwing up.
Make sure to clean everything well.
Underneath the toilet seat, too.
You want me to send you some money?
No, Mama, we're good.
Gary got a job yet?
He should have stayed designing those greeting cards.
He was good at that.
The way her mom says that, it could be ultimate praise or ultimate scorn.
That reminds Clara she has a card to send.
Ready for work?
You hold on to that job.
A staff job is not easy to get.
I'm really proud of you, baby.
You still want the name of that lawyer?
I'm not ready to throw away the last ten years of my life.
The moment she snaps, she regrets it.
Stephen can hear their agitated voices full of anger.
He tries his best at brokering peace.
He can hear Margaret's voice rising high.
I'll handle it, Maggie.
There's nothing to handle here, Dad.
I'm simply upset.
Upset is one thing, she says.
I don't want to die.
Do you want me to sign a statement or something?
She wants to go far away.
Next time you blink, Clara, you'll be throwing away the last 20 and then 25 years of your life.
Her mom's voice is flat steel.
I love you, Mama, says Clara.
When her father died, Gary sat next to her mother for days holding her hand.
The lawyer's name is John Zimler.
He's a great divorce lawyer.
I'll send you the number, says her mother before she hangs up.
In Clara's closet, there's a huge stack of Gary's greeting cards, meticulously drawn, worlds within worlds, creatures of the woods and of the seas, flying, flying.
She chooses one in shades of purple and green.
She writes, Happy 21st birthday, sweetie.
She tears up the card, picks up another.
Happy 21st birthday!
She replaces sweetie with a number of exclamation marks.
But today, she adds one more line.
Let me know how you are.
Stephen comes home for lunch carrying a bunch of colorful foam tubes.
He uses them to help patients move through aggression.
We'll have a family session.
It will help us all loosen up.
There are more pressing issues than foam fights.
She opens the pull-out couch, uses 800 thread sheets to make it feel nice.
Blood rushes to Margaret's head, and then she says it all in one breath.
I want to go back to work.
Did Sasha say anything about you having to go back to work?
It's just, without work, I feel old.
There's nothing funny about feeling old.
To me, you look more striking than ever, he says.
Then he waits, and Margaret almost cries because she knows that he means it.
We came to L.A. because of you, Clara.
You were running away.
We need income, Gary.
So you work harder now, pull more weight, then I will.
The words are out now, spite-flying.
I am a staff writer, Gary.
I don't make the big bucks.
They face off, bitterness nesting.
Why don't you want to come back to New York?
Maybe you'll find a Wall Street man to marry or cheat with.
I made one mistake in my life, she hisses, and you won't let me forget.
You want to go to New York?
Go ahead, Gary, she says.
I'll keep growing up.
You go ahead and act out.
You ask your parents for money if you want to go to New York.
I'm not paying for any of that.
I don't want you to go back to Wall Street, Maggie, says Stephen.
You need to do something you love.
I want you to be brave.
They're making Sasha's bed on the pull-out couch, new sheets, a festive Indian bedspread.
Let's revisit the child question if you want.
You know that ship has sailed, Margaret says simply.
She takes out Alexander's card, her voice all business.
There's an opportunity for Sasha.
Alexander Sikora, my old journalist friend, is back in New York.
I dated him once, she says without meeting his eye.
She'll love it.
Margaret hands him Alexander's card.
I will, and then we'll get you a job that you love.
Margaret looks at her husband of eight years.
Clara puts the birthday card in an envelope and walks out into the night.
What if she kept walking and just ran away?
The mailbox door creaks and the cool air feels good.
Clara returns to the kitchen, mindless tidying, until she finds their joint Amex card.
The charges are for photographic equipment and new luggage and a ticket, only one ticket, one way to New York, expensive clothes and a fancy hotel in Tribeca.
It's the price tag that gets her.
You've got to spend money to make money.
But you're not making any money.
Like you said, I'll ask my parents.
She stares at the number.
He acts disappointed.
I thought you liked risks.
It's funny how you look just like Margaret, he suddenly says.
We all look alike.
You look like her, but you're nothing like her.
You're not a girl who likes playing safe.
Did my dad tell you why I took a year off?
I got addicted to prescription pills.
I'm glad you told me, says Alexander.
I don't believe in lies.
You tell me a truth then.
Her voice takes Alexander by surprise.
I'd like to show you my apartment, he says.
Thirty-six thousand dollars.
Once in New York, when Gary lost their money in the stock market, he slept in the closet.
She spoons him, her face in his neck.
When people hear someone has died, they cover their mouths, as if to protect their own breath.
And that's how she knows.
It's Jeannie and Tommy's baby, he says.
He's gone.
Gary holds Clara's hand and will not let it go.
The bathroom, white granite.
Red or white?
She tries to think of something sassy, but says, Red, thanks, then adds, My own glass.
In the darkness, he whispers, You've got this strange power.
You make me do things, admit things.
She shrugs in the dark.
She moves on him slow, as if doing nothing, until he can't help but moan, not thinking, just moving, relentless, triumphant.
Clara doesn't ask about the price, nodding yes, of course, the best for their friends.
How does a baby die?
Grad students, pulled from their studios, rub swollen eyes.
Her family holds her.
Gary holds on to Tommy, leads the pack of bereaved friends to a bar.
Clara looks at him, proud.
In this alternate universe, her husband's a leader, getting things done.
Gary's hand on her arm, her pride rising.
And then he puts everyone's drinks on their card.
He keeps hugging his friends, waving at grief like a column of smoke.
No one knows what to say, so everyone drinks.
Clara has lost track of time.
Her phone rings, a call from her mom.
I'll wait up for her.
But I always turn Sasha over to you, to her mom, to a nanny.
The hard job is done.
She saw my bank statement.
Margaret's blood leaves her body.
We're not doing great.
She waits for him to continue, but he doesn't.
I need one of your sleeping pills, he says.
Margaret reaches for his hand.
Money comes, money goes, she says.
We can work, he looks at her.
He doesn't feel young, but he's grateful.
The bar is half dark, stinks of grief, sweat, and wine.
You look through his mail and you nag and you make him feel small.
Tommy's drunk and so angry his spit lands on Clara's black dress.
What do you want from me, Tommy?
He's up in her face.
What do I want?
I want my child back.
That's what I want.
Gary at the other end of the bar.
He hasn't noticed a thing.
You can't save the ones that you love, Jeannie says, and she leaves.
Gary drives them home, taking the turn off the highway so sharp she thinks he'll kill them.
After the car screeches back in control, Gary says just one line.
Do you think they'll make it?
At 3.30 a.m., Sasha wakes up feeling pain, jolted, forced.
Maggie's right.
I'm not feeling well.
You can't stay in there forever, she yells.
CPR as she turns on her phone.
It's her blood on the granite.
I think I'm going to cancel the trip to New York, says Gary.
I'll turn down the internship.
It's not such a big deal.
I'll stay here.
These leftovers look amazing.
We had the party a week ago, she says.
She looks at this man she has loved for ten years.
You've bought your ticket, she says quietly.
You've booked the hotel.
You've bought your supplies.
I believe this means New York is calling you, Gary.
I believe you should go.
She looks at Gary and he looks far away.
You can't save the people you love.
She compulsively scrolls through her phone up to her mother's text.
And a number.
The emergency vehicles, the call to Margaret, it's all a blur.
When Margaret enters the ER, Sasha's never felt such relief.
Someone says, he wouldn't have made it without instant care.
I want to stay until I know he's okay, whispers Sasha.
and Margaret squeezes her hand.
It's morning when they exit the hospital.
Sasha holds on to Margaret just like when she was little.
Said you'd lost your wallet, and I needed to get you.
I love you, says Sasha.
At home, after putting Sasha to sleep, Margaret writes Alexander an email.
I'll help you get your Pulitzer article together.
I'll get you the Wall Street contacts you need, but you stay away from my kid.
Are you sure I should go to New York?
I'm sure, Clara says.
You'll have a great life.
Our friend's baby has died.
It's that kind of day.
She's not going to cry.
Let's look at it as a new beginning for us, he deflects, stepping out of his clothes.
I'll try out New York, and then during the winter, you'll join me.
In the mirror, she looks at her face.
Her eyebrows are filled with white hairs.
I can't live like this anymore, she says.
It's not good for me.
When we come back from New York, Gary says, we should get going with that baby idea.
Crying in the shower is safe.
He's right behind her.
The baby has died.
What do you think of my idea, he asks, but he's already inside her.
After she jumped, they never let me visit the hospital.
You saved someone's life, says Margaret finally.
You couldn't save her, but you saved Alexander.
I've been meaning to say, you play the violin much better than my mom.
I remember her practicing.
Let's use these to fight.
His wife and daughter look up.
Stephen looks like a big-bellied clown.
For a moment, on 74th and Columbus, apartment 9D, there's a mother and daughter.
Two months later, October 2001, New York City.
I wish you weren't going back to L.A. so soon.
Gary's face looks up from the flyer.
They tape his face next to the weathered flyers of missing bankers, secretaries, firefighters.
They run out, but Gary's mom is not done.
I've noticed the successful flyers, how they do it, she whispers.
Successful flyers, asks Clara.
The hand of Gary's mom shakes.
Let's add this photo next, then I want you to keep it.
I'll run us a thousand copies, okay, Clara says softly.
The successful flyers make you care.
We need people to care.
Clara glances at Gary's mom a few steps ahead, scouting out bulletin boards.
Her own mother's voice comes through the cell, clear with purpose, as always.
I'm going to ask you again.
Have you told them about Gary's debts?
Think about the rest of your life, says her mother.
They got money.
I gotta go, Clara blurts, and she runs.
I clean up these flyers every day.
It's her son.
A missing flyer, discarded on the ground.
It's Margaret's face, xeroxed a few too many times.
She looks at Margaret, black dress and white pearls and her elegance.
I want you to go to the morgue and give this for the DNA sample, she says.
Go home to your dad.
I hope her ghost haunts you forever.
Alexander leaves at 20 for their coffees.
He doesn't wait for the change.
Sasha can hear her heart beating out of control as she moves to the bar.
He slides over a dirty martini and shrugs off her money.
He tries to pick her up, but she doesn't let him.
Cards of sympathy, supported on tables.
An email card from the graduating class of UCLA.
A bouquet of white orchids from Jeannie and Tommy.
You want some of my Xanax?
When she's done throwing up, Clara remembers to clean everything well.
Underneath the toilet seat, always check that before she settles back in.
Someone's bound to come forward.
The new flyer's much better.
Clara feels the stare of Gary's father rising up from the New York Times.
I really think you should make some arrangements and stay with us for a while.
Halloween masks and candy.
Stops in front of the pregnancy test.
She can't keep ignoring the facts.
The test sits alone in her basket.
At the cashier's, she opens her purse, and Margaret's face stares at her from the flyer.
Haunted, Clara walks the half block back to her hotel.
Someone's waiting for you at the bar.
Gary's father stands up.
I found a letter from a lawyer you hired.
Zimler, is that right?
Gary's father is shaking.
She's been dreading these words, fooling me and my wife in our grief.
I don't want to see you again.
It all makes sense now.
The hotel clerk brings her a glass of red wine.
On the house, and she can feel his compassion.
Stephen opens the door of his office to lead out a patient, and Clara's right there, waiting on the soft maroon couch.
For one crazy double-take moment, he thinks, is she here because I never answer her letters?
What Clara notices, his white and sad eyes.
No, he says in the detached voice of a therapist.
He wants her to stay, but she apologizes.
Let me gather myself.
I remember your cell, he says.
The soundproof room is so incredibly quiet after Clara leaves.
He's about to put them away when he smashes them into his chair.
The ceiling in Sasha's room is finally fixed.
Why did Margaret go back to work in September?
She didn't need to go back to work.
Her voice sounds pragmatic.
I gave Margaret's toothbrush for the DNA file today.
Stephen hides his face in his hands.
She waves her father away.
Happy 21st birthday, says the card posted in L.A. in August.
Let me know how you are, Clara's added.
Sasha tears up the card and tosses it into the garbage.
Gary's mother is crying on the phone.
Clara in her hotel room, curled up in a ball.
I don't have his things anymore, she says.
I don't have his toothbrush, his comb, anything to help with the DNA tracking.
She can hear Gary's father struggling for the phone.
You cleaned him out of your life way too fast.
Her face burns.
The phone rings right back.
California is a common-law state.
You're responsible for...
Remember Sasha, the little girl I used to take care of during grad school?
Her mom's voice is like steel.
Right now, I can only worry about you.
Words dry up in her mouth.
Gary's toddler Polaroid photo, Margaret's flyer, the pregnancy test.
She takes the test in the bathroom, embraces herself.
Dear Alexander, I'll meet with my colleagues on September 11th.
I'll get you your Pulitzer piece, but I repeat, you stay away from my kid.
She can see right behind him, his bathroom.
Margaret's nail clippings and hair, they're good for your DNA too.
He goes to close the door in her face.
I found out why she went to the office.
Her laughter sounds like a mating hyena.
Do I look like Margaret now?
Could Gary be running away from his debts?
Gary was creating site-specific art.
I need to help his parents.
He hands her a card.
An old friend of Margaret's.
Maybe it's not the best thing to see Sasha today, says Stephen.
When I sent her her birthday card, I was so stuck, so trapped.
Clara looks up at the man she once loved.
Now I feel guilty and scared.
Clara sits across from Alexander at his makeshift office at Ground Zero.
She likes him, the way he asks questions, how he leans in to listen to details.
He promises to do his best to get an article out.
The room of volunteers hums, content.
Work keeps everyone sane.
When this time passes, says Alexander, you can come work with me in case you want to stay close until he's found.
Stay close to where he is.
On 74th and Columbus, apartment 9D, Stephen begins to clean up.
Bach's second violin concerto fills the apartment as if Margaret's playing.
He still can't bear to clean it, folds the Indian bedspread instead.
Grief makes you nauseous.
Clara's torn birthday card.
They're all gone.
This is the way out, she says.
She wants him to watch.
Across the room, Clara notices this girl dozing over, a volunteer falling asleep on the job.
Young people congregate, pull rashly away.
You cannot save people, Jeannie said that night in L.A.
You cannot save the people you love.
No thinking, just movement.
Terror and relief live on Clara's face as she starts CPR.
I got you, Sasha, she tells her.
Father and daughter, a tiny unit surrounded by wires and white sheets.
You should join EMS, she jokes once again.
Want a coffee, love?
Clara nods, checks her watch.
Her flight leaves in eight hours.
She feels safe.
I think I need an ultrasound.
Lying in the semi-dark room, she keeps her eyes closed as the technician moves over her abdomen.
You want to hear it?
The black and white images come and go on the screen, just like clouds.
You want to hear its heart?
On 30th Street and First Avenue sits a complex of tents.
Traffic whistles along the FDR drive.
The huge white tent is a magnet.
He knows what's inside.
Sixteen refrigerated trailers, humming engines, fragments of lives, remains coming in every day.
We thought you were someone else.
He thought you were our son, says his wife.
But our son is in there, she points to the tent.
They found a small fragment, a bone.
It's not our place to ask.
They won't allow open flames at the hospital.
She ducks as she enters Sasha's hospital room.
The handmade happy birthday banner still hits her on the back.
Clara keeps hearing the sound of the baby's heartbeat in her head.
This sound, she thinks, is the opposite of death.
On 30th Street and First Avenue, the rain beats fast against the chalk white canvas.
The old couple take another and place them at the foot of the trailer.
Across town, Gary's father turns to his wife.
She says she has something she wants us to hear.
His turban blocks her view of the asphalt.
Out of deep darkness comes the day, she thinks.
The sun is white, floods Clara's eyes, like birth each day.
