Tonight, a story by Frederick Pohl. Tunnel Under the World.
It was more real than any dream he had ever had in his life.
He could still hear and feel that sharp metal ripping explosion, that searing wave of heat.
Guy, what's wrong?
I don't know.
I dreamed there was a big explosion and then something sort of hit me on the head.
Holy smokes, maybe there really was some sort of explosion at the start of the streaming.
Well, there'll be an explosion down at your office if you don't hurry and get to work.
THE END Coming in on the bus, Burkhardt watched to see if there was any evidence of an explosion.
If anything, the town looked better than ever.
The only thing that seemed strange to him was the fact that none of the usual crowd was on the bus.
He was a little relieved when his old pal, Henry Swanson, finally got on.
Henry, what's the matter with you?
Burkhardt, sorry, I don't believe we've met.
If you'll excuse me, this is my stop.
How do you like that?
Guy Burkhardt got off in front of the gigantic Contro Chemical building, took the elevator to the 98th floor where he had worked in the accounting department for 12 years.
It wasn't until he was almost at his floor that he realized the speaker was not playing the usual commercials.
Friends, are you happy with your present home freezer?
Of course not.
Friends, are you happy with your present home freezer?
Good morning, Mr. Burkard.
Do you like it?
It makes a lot of difference in your appearance.
He had an appointment with Mr. Dorchin of the Human Research Institute.
He has to sign the quarterly statement.
Oh, by the way, Miss Horne, what the devil is a feckle freezer?
I really don't know, Mr. Burkhardt.
Can't quite put my finger on it, but there's something strange going on.
He couldn't shake the thought out of his mind.
He was still brooding as he and Mary got ready for bed.
Anything wrong?
I don't know.
Well, I guess I'll get a good night's sleep.
Coming?
I think I'll sit up and read for a while.
Well, good night, darling.
At exactly midnight, Guy Burkhardt lapsed into a sudden, deep sleep.
What's wrong?
I seem to be having a lot of nightmares lately.
A big explosion and then nothing.
Well, of course I did.
Maybe you dreamed I had a dream.
Maybe...
Oh, that's probably it.
That's when the quarterly statement... 15th?
Guy Burkhart got up, dressed, ate breakfast, and took the usual bus to work.
And once again, he was puzzled when he noticed none of the old crowd on the bus.
Look, don't shove so.
For God's sake, don't talk.
No. I was sure you remembered.
I can't talk.
As in yesterday's dream, Guy Burkhart got off at his stop and took the elevator to the 98th floor.
The speaker in the elevator purred a new commercial this time.
Does your present cigarette make your throat feel raspy and unpleasant?
Marlin cigarettes contain a miraculous new drug which actually gives you the sensation of smooth, creamy smoke.
He walked down the marble corridor to his office.
Good morning, Mr. Burkhardt.
Good morning, Miss Horne.
Do you like my new hairdo?
He had an appointment with Mr. Dorchin at the Research Institute.
I know.
You know?
And today is the 15th of June, and he won't be here to sign the quarterly statement, and I'm going nuts.
Let me have a cigarette, will you?
Something wrong, Mr. Burkard?
Wrong?
He went to his desk and stared at the mail.
Before he opened it, he knew that the factory distributor's envelope contained an order for 12 new electronic computers.
He knew that the development journal contained an article about a new method of transplanting selective brain circuits of human engineers onto the electric brain circuits of robot engineers to facilitate the operation of automatic factories.
After a long while, he forced himself to open them.
They were exactly as he suspected.
All right, now listen, Henry.
Let's stop playing games.
Today, the same thing happens.
I thought so when I saw you, but I couldn't be sure.
Well, what is it you want?
Listen, tomorrow morning... when I get off the bus.
Would you buy me a pack of Kelvins?
Oh, you really believe that stuff?
Well, it's true.
I wouldn't say this, Mr. Burkhardt, except that, well, I've gotten to know you pretty well, and I've grown to admire you so much.
Would you mind, Mr. Burkhardt, if I told you that for months now I've wanted to, well, just comfort you?
I know how troubled you've been.
Oh, that's a pretty name.
That's why when I see you smoking Kelvins, and I know Marlins are so much better, won't you let me buy some of them for you, huh?
Here, bring me a carton.
I, uh, I think you ought to go.
There was something wrong.
These new products, the dreams.
Guy Burkhart went home that night feeling like a man in a nightmare.
Did you have a good day?
Fair.
Oh, before you sit down, will you go down in the cellar and put in a new fuse?
Supper will be ready in a minute, so don't start fooling around with that old boat hull you've been building.
Come down here.
I don't know.
I'm not sure.
I was looking for a fuse, and I thought maybe I'd drop one under the boathouse, so I scratched around.
Look.
Let me put the flashlight on it.
Look at the floor.
What about the floor?
It's supposed to be cement.
Look here.
Metal under the floor, behind the walls, every place.
Mary, I know this sounds crazy, but somebody, for reasons I can't even begin to guess, has taken this house and replaced it with a clever imitation.
Mary, I'm going to look around a little more.
Well, your dinner will be ready in a...
All right, save it for me.
There are a couple of things I've got to figure out.
It's outside the door, I guess.
Today's the day Mr. Barth fills out the quarterly tax return.
He'll be at a meeting with that crackpot Dorchin at the Human Research Institute.
I wonder if it's going to be the same today, or whether...
Nothing, never mind.
I don't want to miss my bus.
Guy Burkhart got on his bus.
Do you remember the phone call?
Where are you going?
There's an excavation for a building about a block down.
Make sure you aren't followed.
I'm not sure.
Now I'm beginning to think they're Martians.
Now, wait a minute.
What's going on?
Look, Burkhart, peculiar things have been happening to you, right?
A lot of your friends are missing.
Your house seems changed.
The date.
You got it, friend.
And you and I are the only ones who know it.
I'm not sure.
I think it's some sort of mass hypnosis or something.
Well, why doesn't it work for us?
My wife, Mary, doesn't remember a thing.
We were protected from the full force of the rays or whatever they used.
Let me see.
Yeah, I was down in the cellar under the boat I'm building.
This just doesn't make any sense to me.
What makes you think that?
I've seen them.
The one they built under Tylertown.
Wait a minute.
I found a copper layer under my cellar floor last night.
I found a way to get in, too.
Henry, why don't we tell the police?
Because we can't trust them.
Oh, come on.
Well, you just come with me.
They walked for what seemed like two miles until Swanson held his finger to his lips.
We've got to be quiet now.
They've got a tunnel right under the whole town.
Oh, you haven't seen anything yet.
There's a room a little farther down.
We'll be able to look through a glass in the door.
Is it safe?
It's perfectly safe, unless one of them comes along.
Come on.
Now, Burkhardt, look through this glass.
Now, just so I know I'm not completely insane, tell me what you see.
Good Lord.
They're evaluating data from the screens.
Have you gotten a chance to look at the data on those screens?
All right, it's worth the chance.
Open the door.
So far, so good.
Come on.
Let's take a look at that data.
Here, let's look at this screen.
Listen to this.
Tests in the 47K12 group of Marlin cigarettes pulled 80% using the soft feminine approach.
Indications are that an extension of this approach would influence at least 70% nationwide.
This should be abandoned and a new series of high persuasion personal elements introduced.
Henry, do you know what this means?
This is crazy, but it fits the facts when I think about it.
Do you know who's behind this?
I don't know who they are or how they've done it, but somehow they've taken Tyler Town over.
Hypnosis, drugs, maybe some kind of array or something.
However they do it, what happens is that they let us live through a single day.
And at midnight, They wash the day out of our minds, and the next morning we start the same day over again with different stimuli.
Do you know what that means, Henry?
Suppose one man learned how to influence people 100%.
Wait a minute.
This whole community is one big test tube for Dorchen's propaganda research.
I don't know, but somehow we've got to get out of this town and get to the FBI.
How do you think we can?
It's worth a try.
Come on.
Wait.
Look through the door.
There's somebody coming down the tunnel.
We've got to hide.
Good Lord, it's Dorjan, the head of the Research Institute.
All right, Burkhardt, come out.
We know you're in this room.
Come out peacefully.
Let our maintenance crew adjust you properly so you don't remember from one experiment to the next.
If you don't come out peacefully, we'll have to get you.
When I give the word, jump in.
But he may be armed.
We've got nothing to lose.
I'm coming after you.
Wait.
Maybe his heart is still beating.
What's wrong?
Look underneath his coat.
Heaven help us.
Designed to look like Dorchin.
Come on, let's get out of here.
Wait.
You can't get away with this, Dorchin.
Sooner or later, somebody, the FBI or somebody, is going to get wind of this madness.
Now, why not be reasonable and let the maintenance crews adjust you?
It's quite true.
You and everyone else in this town were killed by a premature atomic blast at the Contro chemical plant.
That is the last thing imprinted on your minds.
No, it isn't true.
We stored them in electrochemical batteries till we had a chance to rebuild the cities and begin our tests.
Do you think I believe a fantastic tale like that?
Of course, we didn't rebuild everything exactly.
After all, it only has to last for a single day, June 15th.
At midnight, we turn off the power and wash out the memory of the day.
You and your friend Swanson, unfortunately...
Come on.
Keep going.
Now, now, this door is open.
No, I don't believe it.
Swanson, look!
They were standing on a ledge of smooth, finished metal.
At their feet, the ledge dropped away into a chasm so deep they could not see the bottom.
Beyond was only a glare so bright that their eyes could not stand to look into it.
And yet, just at the limit of their vision, something towered.
The great looming figure moved closer.
It came closer.
I took your brain circuits and had them reduced.
And this city, this whole experiment I'm conducting, is built on a tabletop.
