participant,word_count_noStop_noFiller,sentence_count,CC,CD,DT,EX,FW,IN,JJ,JJR,JJS,LS,MD,NN,NNS,NNP,NNPS,PDT,POS,PRP,PRP$,RB,RBR,RBS,RP,SYM,TO,UH,VB,VBD,VBG,VBN,VBP,VBZ,WDT,WP,WP$,WRB,nouns,verbs,adjectives,adverbs,pronouns,conjunctions,prepositions,interjections,articles,nouns_to_verbs_ratio,content_words_prop,function_words_prop,pronouns_to_nouns_ratio,temporal_connectives_count,causal_connectives_count,GroupNumber,TaskOrder
49,44,11,6,0,13,0,0,10,7,0,0,0,0,21,2,0,0,0,0,8,2,10,0,0,2,0,2,0,3,0,0,1,3,13,1,1,0,0,0.18548387096774194,0.16129032258064516,0.056451612903225805,0.08064516129032258,0.08870967741935484,0.04838709677419355,0.08064516129032258,0.0,0.10483870967741936,1.1500000000000001,0.4838709677419355,0.3225806451612903,0.4782608695652174,1,1,group2,"social, movie, physical"
58,66,11,7,0,22,0,0,6,9,0,0,0,0,26,7,0,0,0,0,15,3,10,0,0,4,0,7,2,5,1,0,0,3,20,0,0,0,1,0.18435754189944134,0.16201117318435754,0.05027932960893855,0.055865921787709494,0.1005586592178771,0.03910614525139665,0.0335195530726257,0.0111731843575419,0.12290502793296089,1.1379310344827587,0.4525139664804469,0.29608938547486036,0.5454545454545455,6,0,group2,"social, movie, physical"
186,102,13,12,0,36,0,1,16,15,0,0,0,0,48,10,0,0,0,0,5,8,7,0,0,9,0,7,1,0,0,0,0,0,24,0,0,0,0,0.25327510917030566,0.10480349344978165,0.06550218340611354,0.03056768558951965,0.056768558951965066,0.05240174672489083,0.06986899563318777,0.004366812227074236,0.1572052401746725,2.4166666666666665,0.4541484716157205,0.33624454148471616,0.2241379310344828,8,0,group2,"social, movie, physical"
190,115,16,27,1,41,0,0,21,13,0,0,0,0,51,4,0,0,0,0,11,5,24,0,0,4,0,5,0,4,32,1,1,1,0,0,0,0,0,0.19927536231884058,0.14130434782608695,0.04710144927536232,0.08695652173913043,0.057971014492753624,0.09782608695652174,0.07608695652173914,0.0,0.14855072463768115,1.4102564102564104,0.47463768115942023,0.3804347826086957,0.2909090909090909,13,3,group2,"social, movie, physical"
221,44,8,4,0,5,0,0,7,4,0,0,0,0,13,4,0,0,0,0,8,5,9,0,0,6,0,4,0,3,0,0,0,2,16,0,0,0,2,0.15454545454545454,0.19090909090909092,0.03636363636363636,0.08181818181818182,0.11818181818181818,0.03636363636363636,0.06363636363636363,0.0,0.045454545454545456,0.8095238095238094,0.4636363636363636,0.2636363636363636,0.7647058823529412,4,0,group2,"social, physical, movie"
222,90,15,13,0,30,0,0,20,11,0,0,0,0,41,7,0,0,0,0,16,5,10,0,0,4,0,7,0,3,1,2,0,7,19,0,0,0,0,0.21621621621621623,0.14414414414414414,0.04954954954954955,0.04504504504504504,0.0945945945945946,0.05855855855855856,0.09009009009009009,0.0,0.13513513513513514,1.5,0.4549549549549549,0.3783783783783784,0.4375,8,0,group2,"social, physical, movie"
223,65,13,5,0,20,0,0,4,7,0,0,0,0,26,5,0,0,0,0,9,5,20,0,0,3,0,9,4,3,20,1,0,1,1,0,0,0,1,0.1834319526627219,0.15384615384615385,0.04142011834319527,0.11834319526627218,0.08284023668639054,0.029585798816568046,0.023668639053254437,0.023668639053254437,0.11834319526627218,1.1923076923076923,0.4970414201183432,0.2544378698224852,0.4516129032258065,3,3,group2,"social, physical, movie"
225,41,9,6,0,5,0,0,9,13,0,0,0,0,15,4,0,0,0,0,10,7,10,0,0,1,0,4,2,3,0,0,0,5,8,0,1,0,0,0.15447154471544716,0.13008130081300814,0.10569105691056911,0.08130081300813008,0.14634146341463414,0.04878048780487805,0.07317073170731707,0.016260162601626018,0.04065040650406504,1.1875,0.4715447154471545,0.3089430894308943,0.9473684210526315,2,1,group2,"social, physical, movie"
228,92,12,15,0,39,0,0,17,7,0,0,0,0,42,9,0,0,0,0,6,4,9,0,0,4,0,16,0,10,1,0,0,2,17,0,0,0,0,0.23394495412844038,0.13761467889908258,0.03211009174311927,0.04128440366972477,0.045871559633027525,0.06880733944954129,0.0779816513761468,0.0,0.17889908256880735,1.7,0.44495412844036697,0.37155963302752293,0.19607843137254902,2,0,group2,"social, movie, physical"
229,49,12,11,0,5,0,0,6,3,0,0,0,0,21,4,0,0,0,0,14,10,9,0,0,1,0,6,0,3,16,0,0,1,2,0,0,0,0,0.1893939393939394,0.16666666666666666,0.022727272727272728,0.06818181818181818,0.18181818181818182,0.08333333333333333,0.045454545454545456,0.0,0.03787878787878788,1.1363636363636365,0.44696969696969696,0.3484848484848485,0.9600000000000001,2,1,group2,"social, physical, movie"
230,36,6,8,0,7,0,0,8,6,0,0,0,0,18,1,0,0,0,0,9,6,10,0,0,5,0,6,0,2,0,0,0,0,10,0,0,0,3,0.16101694915254236,0.1016949152542373,0.05084745762711865,0.0847457627118644,0.1271186440677966,0.06779661016949153,0.06779661016949153,0.0,0.059322033898305086,1.583333333333333,0.39830508474576265,0.3220338983050847,0.7894736842105263,8,0,group2,"social, physical, movie"
231,50,6,6,0,13,0,0,0,7,0,0,0,0,22,4,0,0,0,0,5,4,7,0,0,1,0,9,1,5,6,0,0,2,6,0,0,0,1,0.22807017543859648,0.16666666666666666,0.06140350877192982,0.06140350877192982,0.07894736842105263,0.05263157894736842,0.0,0.008771929824561403,0.11403508771929824,1.368421052631579,0.5175438596491228,0.24561403508771928,0.34615384615384615,3,0,group2,"social, physical, movie"
232,17,3,7,0,3,0,0,3,3,0,0,0,0,7,0,0,0,0,0,5,2,6,0,0,3,0,2,0,1,0,0,0,1,6,0,0,0,1,0.12280701754385964,0.14035087719298245,0.05263157894736842,0.10526315789473684,0.12280701754385964,0.12280701754385964,0.05263157894736842,0.0,0.05263157894736842,0.875,0.42105263157894735,0.3508771929824561,1.0,5,0,group2,"social, movie, physical"
233,84,16,24,0,15,0,0,11,7,0,0,0,0,29,6,0,0,0,0,20,11,25,0,0,6,0,7,3,5,0,2,1,3,29,0,0,0,0,0.14112903225806453,0.16129032258064516,0.028225806451612902,0.10080645161290322,0.125,0.0967741935483871,0.04435483870967742,0.012096774193548387,0.06048387096774194,0.8750000000000001,0.43145161290322576,0.32661290322580644,0.8857142857142857,12,3,group2,"social, movie, physical"
234,66,13,15,0,10,0,0,11,4,0,0,0,0,25,6,0,0,0,0,15,12,16,0,0,0,0,7,1,2,1,0,0,1,19,0,0,0,0,0.18452380952380953,0.13690476190476192,0.023809523809523808,0.09523809523809523,0.16071428571428573,0.08928571428571429,0.06547619047619048,0.005952380952380952,0.05952380952380952,1.3478260869565217,0.44047619047619047,0.375,0.8709677419354839,8,0,group2,"social, movie, physical"
235,116,20,22,0,36,0,0,24,14,0,0,0,0,52,9,2,0,0,0,29,6,20,0,0,12,0,8,2,7,1,6,1,9,27,0,0,0,1,0.1875,0.15178571428571427,0.041666666666666664,0.05952380952380952,0.10416666666666667,0.06547619047619048,0.07142857142857142,0.005952380952380952,0.10714285714285714,1.2352941176470589,0.4404761904761905,0.3482142857142857,0.5555555555555556,15,0,group2,"social, physical, movie"
236,62,11,19,0,27,0,0,17,7,0,0,0,0,39,3,0,0,0,0,14,5,11,0,0,3,0,4,1,2,0,0,1,4,14,0,0,0,0,0.2131979695431472,0.1065989847715736,0.03553299492385787,0.05583756345177665,0.09644670050761421,0.09644670050761421,0.08629441624365482,0.005076142131979695,0.13705583756345177,2.0,0.41116751269035534,0.41624365482233505,0.4523809523809524,4,0,group2,"social, movie, physical"
237,106,19,24,0,47,0,0,16,9,0,0,0,0,48,10,0,0,0,0,12,3,14,0,0,13,0,9,5,6,1,1,0,6,23,0,0,0,1,0.20567375886524822,0.13120567375886524,0.031914893617021274,0.04964539007092199,0.05319148936170213,0.0851063829787234,0.05673758865248227,0.01773049645390071,0.16666666666666666,1.5675675675675675,0.41843971631205673,0.36170212765957444,0.25862068965517243,11,0,group2,"social, movie, physical"
