" He could still hear and feel that sharp metal ripping explosion, that searing wave of heat."
" THE END Coming in on the bus, Burkhardt watched to see if there was any evidence of an explosion."
" Henry, what's the matter with you?"
 How do you like that?
 Do you like it?
 It makes a lot of difference in your appearance.
 It's a funny day.
 It persisted all through the day and through dinner.
 Coming?
 You gave me such a shock.
 A big explosion and then nothing.
 I don't remember dreaming.
" Oh, now, Mary, you told me."
" Marlin cigarettes contain a miraculous new drug which actually gives you the sensation of smooth, creamy smoke."
 He walked down the marble corridor to his office.
" Perish the thought, Miss Horne."
 Perish the thought.
" Before he opened it, he knew that the factory distributor's envelope contained an order for 12 new electronic computers."
 He knew that the development journal contained an article about a new method of transplanting selective brain circuits of human engineers onto the electric brain circuits of robot engineers to facilitate the operation of automatic factories.
 Do you remember?
 Remember what?
 Just remember.
" Oh, you do remember."
" I, uh, I think you ought to go."
 Did you have a good day?
" Well, I don't really understand."
" Mary, I know this sounds crazy, but somebody, for reasons I can't even begin to guess, has taken this house and replaced it with a clever imitation."
" Mary, I'm going to look around a little more."
" Well, your dinner will be ready in a..."
 Today's the day Mr. Barth fills out the quarterly tax return.
 He'll be at a meeting with that crackpot Dorchin at the Human Research Institute.
" And Miss Horne will have a new hairdo, and the elevator will be selling some new product, and Swanson..."
 Do you remember the phone call?
 First I thought perhaps they were Russians.
 Now I'm beginning to think they're Martians.
" Now, wait a minute."
 Yet I could swear yesterday was June 15th and the day before that.
 What makes you think that?
 Wait a minute.
 Henry Swanson led Guy Burkhart to a small hole on the side of the excavation.
 A tremendous panel with dozens of telescreens.
" All right, it's worth the chance."
 Don't worry.
" This is crazy, but it fits the facts when I think about it."
" During that day, they pour all kinds of suggestions and propaganda into us."
" Why, in a year, he could sell us anything from freezers to political candidates."
 Wait a minute.
 How do you think we can?
 Wait.
 There's somebody coming down the tunnel.
 Miss Horne has informed us that you remember.
 I'm coming after you.
 Wait.
 Heaven help us.
 Wait.
" I told you it was useless, gentlemen."
" After all, it only has to last for a single day, June 15th."
" At midnight, we turn off the power and wash out the memory of the day."
 You remember.
 We can make a run for it down the tunnel.
 Now do you understand why it's useless?
 It came closer.
